Enfrentamiento_id,Torneo_id,Ronda,Nombre_Enfrentamiento,Numero_Replica,Freestyler_Ganador,Freestyler_Perdedor,Link
VS-2005-01,RB-2005,Cuartos, Ehler Danloss vs Tito Yang,0,F-01,F-07,https://www.youtube.com/watch?v=np4P7EXbhcM
VS-2005-02,RB-2005,Cuartos,AL Stylo vs El Niño,0,F-04,F-03,https://www.youtube.com/watch?v=Sr4OulQWiXU
VS-2005-03,RB-2005,Cuartos,Frescolate vs Nice & Smooth,0,F-09,F-08,https://www.youtube.com/watch?v=feKUVyl_Vkc
VS-2005-04,RB-2005,Cuartos,Crooklyn vs Tek One,0,F-06,F-10,https://www.youtube.com/watch?v=3htdtrU3ZHk
VS-2005-05,RB-2005,Semifinal,Ehler Danloss vs El Niño,1,F-04,F-01,https://www.youtube.com/watch?v=iaMLS2KCcfY
VS-2005-06,RB-2005,Semifinal,Frescolate vs Tek One,1,F-09,F-06,https://www.youtube.com/watch?v=Q1Z2y9NWgj4
VS-2005-07,RB-2005,Final,El Niño vs Frescolate,0,F-09,F-04,https://www.youtube.com/watch?v=oWqaIlhwgSY
VS-2006-01,RB-2006,Octavos,Candy Man vs Deeflow,0,F-17,F-19,https://www.youtube.com/watch?v=UW_8TRvijoo
VS-2006-02,RB-2006,Octavos,Frescolate vs Piddy Pa,0,F-14,F-09,https://www.youtube.com/watch?v=eALze1S60HU
VS-2006-03,RB-2006,Octavos,El Chino vs MC R Loco,0,F-20,F-18,https://www.youtube.com/watch?v=x2wvebgoAD8
VS-2006-04,RB-2006,Octavos,Junior vs Rayden,1,F-11,F-16,https://www.youtube.com/watch?v=7oM5CM9QbOQ
VS-2006-05,RB-2006,Octavos,Raper One vs T-Killa,0,F-21,F-13,https://www.youtube.com/watch?v=PRQFJ69yypQ
VS-2006-06,RB-2006,Octavos,Matista vs Sammy Cultura,0,F-12,F-22,https://www.youtube.com/watch?v=1sNqXBNavoE
VS-2006-07,RB-2006,Octavos,Adversario vs Insano,0,F-15,F-24,https://www.youtube.com/watch?v=zOmhtM99Dqw
VS-2006-08,RB-2006,Octavos,Biancucci vs Tek One,0,F-06,F-23,https://www.youtube.com/watch?v=AhcbDripipU
VS-2006-09,RB-2006,Cuartos,Candy Man vs Piddy Pa,0,F-17,F-14,https://www.youtube.com/watch?v=8iDui2kcplE
VS-2006-10,RB-2006,Cuartos,MC R Loco vs Rayden,0,F-11,F-20,https://www.youtube.com/watch?v=1xd3sspt6Mw
VS-2006-11,RB-2006,Cuartos,Raper One vs Sammy Cultura,0,F-12,F-21,https://www.youtube.com/watch?v=LhMxyFqKjyQ
VS-2006-12,RB-2006,Cuartos,Adversario vs Tek One,1,F-06,F-15,https://www.youtube.com/watch?v=p-x4PuP-mrk
VS-2006-13,RB-2006,Semifinal,Candy Man vs Rayden,0,F-11,F-17,https://www.youtube.com/watch?v=tAM9RLYVbVw
VS-2006-14,RB-2006,Semifinal,Sammy Cultura vs Tek One,0,F-06,F-12,https://www.youtube.com/watch?v=AFezSyuaDsc
VS-2006-15,RB-2006,Final,Rayden vs Tek One,0,F-11,F-06,https://www.youtube.com/watch?v=z6I_MHLdRTo
VS-2007-01,RB-2007,Octavos,Kim vs Nitro,1,F-38,F-26,https://www.youtube.com/watch?v=QDQAx37jcgY
VS-2007-02,RB-2007,Octavos,Junior vs Rayden,0,F-16,F-11,https://www.youtube.com/watch?v=-6x0JXP-gqg
VS-2007-03,RB-2007,Octavos,Eptos vs Jayco,0,F-28,F-27,https://www.youtube.com/watch?v=z4aNhnF8G3Y
VS-2007-04,RB-2007,Octavos,D Negro vs Franz,0,F-32,F-34,https://www.youtube.com/watch?v=QQMPdYMcr0I
VS-2007-05,RB-2007,Octavos,El B vs Esnou,0,F-35,F-30,
VS-2007-06,RB-2007,Octavos,Link One vs Risco,0,F-29,F-33,https://www.youtube.com/watch?v=0LLYLYf-WdI
VS-2007-07,RB-2007,Octavos,Cebos vs Noult,0,F-25,F-31,https://www.youtube.com/watch?v=jsEukt7syFo
VS-2007-08,RB-2007,Octavos,Alvin vs Jannibal,0,F-37,F-36,https://www.youtube.com/watch?v=K6-CVKhn07U
VS-2007-09,RB-2007,Cuartos,Kim vs Junior,0,F-38,F-16,https://www.youtube.com/watch?v=1Epp1J6kjoY
VS-2007-10,RB-2007,Cuartos,Franz vs Jayco,0,F-28,F-32,https://www.youtube.com/watch?v=wfx_zn5JP8M
VS-2007-11,RB-2007,Cuartos,Esnou vs Link One,0,F-29,F-35,https://www.youtube.com/watch?v=b4-XChckSOg
VS-2007-12,RB-2007,Cuartos,Jannibal vs Noult,1,F-25,F-37,https://www.youtube.com/watch?v=oC1NDqX_ewY
VS-2007-13,RB-2007,Semifinal,Jayco vs Kim,1,F-28,F-38,https://www.youtube.com/watch?v=LHwXDO77yk8
VS-2007-14,RB-2007,Semifinal,Link One vs Noult,1,F-29,F-25,https://www.youtube.com/watch?v=vbEk4SgX7as
VS-2007-15,RB-2007,Final,Jayco vs Link One,1,F-29,F-28,https://www.youtube.com/watch?v=1rpEPLzLqSI
VS-2008-01,RB-2008,Octavos,Codigo vs Obie,0,F-40,F-47,https://www.youtube.com/watch?v=ssiCWHvlRyg
VS-2008-02,RB-2008,Octavos,Hadrian vs Pope,0,F-41,F-42,https://www.youtube.com/watch?v=9ySedCcD4IE
VS-2008-03,RB-2008,Octavos,Alvin vs Basek,0,F-51,F-36,https://www.youtube.com/watch?v=9xASO_fX_ao
VS-2008-04,RB-2008,Octavos,3 Segundos vs Bandi2,0,F-43,F-49,
VS-2008-05,RB-2008,Octavos,Link One vs Mcklopedia,0,F-46,F-29,https://www.youtube.com/watch?v=BUsxguosQO4
VS-2008-06,RB-2008,Octavos,2N vs Piezas,0,F-39,F-50,
VS-2008-07,RB-2008,Octavos,El B vs Mr. Fer,0,F-44,F-30,
VS-2008-08,RB-2008,Octavos,Deeflow vs Mena,0,F-48,F-19,https://www.youtube.com/watch?v=rBxtwZ4pK1A
VS-2008-09,RB-2008,Cuartos,Codigo vs Hadrian,0,F-41,F-40,https://www.youtube.com/watch?v=FQuhy9p35XU
VS-2008-10,RB-2008,Cuartos,Bandi2 vs Basek,0,F-51,F-43,https://www.youtube.com/watch?v=J2uvWVJybZ0
VS-2008-11,RB-2008,Cuartos,Mcklopedia vs Piezas,1,F-46,F-39,https://www.youtube.com/watch?v=emD9kK6Sfac
VS-2008-12,RB-2008,Cuartos,Mena vs Mr. Fer,0,F-48,F-44,https://www.youtube.com/watch?v=kr83zLymV3I
VS-2008-13,RB-2008,Semifinal,Basek vs Hadrian,0,F-41,F-51,https://www.youtube.com/watch?v=QmImE2eywwY
VS-2008-14,RB-2008,Semifinal,Mcklopedia vs Mena,0,F-48,F-46,https://www.youtube.com/watch?v=QvMu651HvNk
VS-2008-15,RB-2008,Final,Hadrian vs Mena,0,F-41,F-48,https://www.youtube.com/watch?v=CojBbNUAObo
VS-2009-01,RB-2009,Cuartos,Arkano vs Rayden,0,F-11,F-52,https://www.youtube.com/watch?v=e4A5Towch6A
VS-2009-02,RB-2009,Cuartos,Frescolate vs Noult,0,F-25,F-09,https://www.youtube.com/watch?v=qk1jM1ovBhw
VS-2009-03,RB-2009,Cuartos,Link One vs Piezas,0,F-39,F-29,https://www.youtube.com/watch?v=YFSoVQgr6sU
VS-2009-04,RB-2009,Cuartos,Chester vs Mcklopedia,0,F-46,F-53,https://www.youtube.com/watch?v=SN9vwAUNfE4
VS-2009-05,RB-2009,Semifinal,Noult vs Rayden,0,F-25,F-11,https://www.youtube.com/watch?v=3SdwBlaW7AA
VS-2009-06,RB-2009,Semifinal,Mcklopedia vs Piezas,1,F-46,F-39,https://www.youtube.com/watch?v=bUNiXfmTH4s
VS-2009-07,RB-2009,Final,Mcklopedia vs Noult,1,F-25,F-46,https://www.youtube.com/watch?v=p3-ZaR-KOdg
VS-2013-01,RB-2013,Cuartos,Chuty vs Doggy Fresh,0,F-61,F-65,https://www.youtube.com/watch?v=MhCSw08QJZ4
VS-2013-02,RB-2013,Cuartos,Jony Beltran vs Stick,0,F-62,F-66,https://www.youtube.com/watch?v=q-oWfrwZa4s
VS-2013-03,RB-2013,Cuartos,Stigma vs Zaeta Flow,0,F-68,F-63,https://www.youtube.com/watch?v=imUM9QZfpv8
VS-2013-04,RB-2013,Cuartos,Ceka vs Dtoke,0,F-64,F-67,https://www.youtube.com/watch?v=uxg1xhfeyD0
VS-2013-05,RB-2013,Semifinal,Chuty vs Jony Beltran,1,F-62,F-61,https://www.youtube.com/watch?v=nJRgNgAPZBU
VS-2013-06,RB-2013,Semifinal,Dtoke vs Stigma,0,F-64,F-68,https://www.youtube.com/watch?v=otn3a-XC4nM
VS-2013-07,RB-2013,Final,Dtoke vs Jony Beltran,0,F-64,F-62,https://www.youtube.com/watch?v=OC-8iVhNuQo
VS-2014-01,RB-2014,Ronda de Posicionamiento,Dtoke vs Sony,0,F-72,F-64,https://www.youtube.com/watch?v=9_4plXQrf_c
VS-2014-02,RB-2014,Ronda de Posicionamiento,Aczino vs Carlitos,0,F-55,F-74,https://www.youtube.com/watch?v=oUvyfdmS2KI
VS-2014-03,RB-2014,Ronda de Posicionamiento,Kaiser vs Oze,0,F-75,F-71,https://www.youtube.com/watch?v=5Qn2Arp8-tI
VS-2014-04,RB-2014,Ronda de Posicionamiento,Big Killa vs Invert,0,F-70,F-73,https://www.youtube.com/watch?v=nNXf9oAu4l0
VS-2014-05,RB-2014,Cuartos,Aczino vs Invert,0,F-70,F-55,https://www.youtube.com/watch?v=3lZwlJua44k
VS-2014-06,RB-2014,Cuartos,Dtoke vs Sony,0,F-72,F-64,https://www.youtube.com/watch?v=o0OBIp_N_-c
VS-2014-07,RB-2014,Cuartos,Carlitos vs Oze,0,F-71,F-74,https://www.youtube.com/watch?v=O6L391FroXE
VS-2014-08,RB-2014,Cuartos,Big Killa vs Kaiser,0,F-75,F-73,https://www.youtube.com/watch?v=K-zgho6BFwo
VS-2014-09,RB-2014,Semifinal,Invert vs Sony,0,F-70,F-72,https://www.youtube.com/watch?v=KMx2Ad0gigA
VS-2014-10,RB-2014,Semifinal,Kaiser vs Oze,0,F-75,F-71,https://www.youtube.com/watch?v=RvBGFjcMTDM
VS-2014-11,RB-2014,Tercer Lugar,Oze vs Sony,0,F-72,F-71,https://www.youtube.com/watch?v=RqCy_SEldhE
VS-2014-12,RB-2014,Final,Invert vs Kaiser,1,F-70,F-75,https://www.youtube.com/watch?v=KBgBdJH3AMA
VS-2015-01,RB-2015,Ronda de Posicionamiento,Dtoke vs Jota,0,F-78,F-64,https://www.youtube.com/watch?v=PxTSjz-brxc
VS-2015-02,RB-2015,Ronda de Posicionamiento,Aczino vs Arkano,0,F-52,F-55,https://www.youtube.com/watch?v=67N-DH672eY
VS-2015-03,RB-2015,Ronda de Posicionamiento,Imigrante vs Penzattore,0,F-77,F-76,https://www.youtube.com/watch?v=5FBXpHSiHio
VS-2015-04,RB-2015,Ronda de Posicionamiento,Mr. Junior vs Tom Crowley,0,F-79,F-69,https://www.youtube.com/watch?v=8ScIB1YMO9Y
VS-2015-05,RB-2015,Cuartos,Arkano vs Dtoke,1,F-52,F-64,https://www.youtube.com/watch?v=cU7C7Fhz4us
VS-2015-06,RB-2015,Cuartos,Aczino vs Mr. Junior,0,F-55,F-69,https://www.youtube.com/watch?v=frRiB_S2gvA
VS-2015-07,RB-2015,Cuartos,Imigrante vs Penzattore,0,F-77,F-76,https://www.youtube.com/watch?v=vNEc3QA0zCo
VS-2015-08,RB-2015,Cuartos,Jota vs Tom Crowley,0,F-79,F-78,https://www.youtube.com/watch?v=HHEN1ZAI1AU
VS-2015-09,RB-2015,Semifinal,Aczino vs Arkano,2,F-52,F-55,https://www.youtube.com/watch?v=V4jq-E2e4Oc
VS-2015-10,RB-2015,Semifinal,Imigrante vs Tom Crowley,1,F-79,F-77,https://www.youtube.com/watch?v=bsmuHq1XESE
VS-2015-11,RB-2015,Tercer Lugar,Aczino vs Imigrante,0,F-55,F-77,https://www.youtube.com/watch?v=FnYf007QDdc
VS-2015-12,RB-2015,Final,Arkano vs Tom Crowley,0,F-52,F-79,https://www.youtube.com/watch?v=8vRJ7-Hu8RA
VS-2016-01,RB-2016,Octavos,Aczino vs Jota,0,F-78,F-55,https://www.youtube.com/watch?v=a0s6ZTfyyHs
VS-2016-02,RB-2016,Octavos,Ciudadano vs Valles-T,0,F-86,F-84,https://www.youtube.com/watch?v=NIEgUmQh7Po
VS-2016-03,RB-2016,Octavos,Cehzar vs Drose,0,F-89,F-83,https://www.youtube.com/watch?v=NoxXglR5xeg
VS-2016-04,RB-2016,Octavos,Chuty vs Jony Beltran,1,F-62,F-61,https://www.youtube.com/watch?v=C2rXItCS8I0
VS-2016-05,RB-2016,Octavos,Gasper vs Shadow,0,F-87,F-88,https://www.youtube.com/watch?v=pdkIjSuWrjg
VS-2016-06,RB-2016,Octavos,Arkano vs O.D.,0,F-52,F-82,https://www.youtube.com/watch?v=O_bByB9Rp_4
VS-2016-07,RB-2016,Octavos,Lancer Lirical vs Papo,0,F-85,F-90,https://www.youtube.com/watch?v=G4XHe_4pbvY
VS-2016-08,RB-2016,Octavos,Skone vs Tom Crowley,0,F-81,F-79,https://www.youtube.com/watch?v=9qZTMDgEzpo
VS-2016-09,RB-2016,Cuartos,Jota vs Valles-T,0,F-78,F-86,https://www.youtube.com/watch?v=ieyFXdLct_M
VS-2016-10,RB-2016,Cuartos,Drose vs Jony Beltran,1,F-62,F-89,https://www.youtube.com/watch?v=oyELKSxmRr4
VS-2016-11,RB-2016,Cuartos,Arkano vs Gasper,0,F-52,F-87,https://www.youtube.com/watch?v=noahsGDi3W4
VS-2016-12,RB-2016,Cuartos,Papo vs Skone,0,F-81,F-85,https://www.youtube.com/watch?v=FmZUwwJZrXY
VS-2016-13,RB-2016,Semifinal,Jony Beltran vs Jota,0,F-78,F-62,https://www.youtube.com/watch?v=dbfsZ2Mxnyc
VS-2016-14,RB-2016,Semifinal,Arkano vs Skone,1,F-81,F-52,https://www.youtube.com/watch?v=Ah3XwUisNZU
VS-2016-15,RB-2016,Tercer Lugar,Arkano vs Jony Beltran,0,F-52,F-62,https://www.youtube.com/watch?v=ngwFHWw6oKM
VS-2016-16,RB-2016,Final,Jota vs Skone,2,F-81,F-78,https://www.youtube.com/watch?v=7DsQ0SKx7ik
VS-2017-01,RB-2017,Octavos,Melvin la Cura vs Wos,0,F-96,F-95,https://www.youtube.com/watch?v=egHF9evWwSw
VS-2017-02,RB-2017,Octavos,Jota vs Skone,0,F-81,F-78,https://www.youtube.com/watch?v=ZJxRpY4GYdw
VS-2017-03,RB-2017,Octavos,Chuty vs Yenky One,0,F-80,F-61,https://www.youtube.com/watch?v=ps3v9zjYPec
VS-2017-04,RB-2017,Octavos,El Tanque vs G,0,F-94,F-100,https://www.youtube.com/watch?v=6QLYZcFghqc
VS-2017-05,RB-2017,Octavos,Elevn vs Jony Beltran,0,F-62,F-99,https://www.youtube.com/watch?v=bkhSqas7UQY
VS-2017-06,RB-2017,Octavos,Arkano vs Pepe Grillo,1,F-52,F-98,https://www.youtube.com/watch?v=FMQiem9ujU0
VS-2017-07,RB-2017,Octavos,Gaviria vs Redencion,0,F-93,F-97,https://www.youtube.com/watch?v=4b8B4e32qpo
VS-2017-08,RB-2017,Octavos,Aczino vs Choque,0,F-55,F-92,https://www.youtube.com/watch?v=3GPPhnfpdlU
VS-2017-09,RB-2017,Cuartos,Skone vs Wos,0,F-96,F-81,https://www.youtube.com/watch?v=43kyDcGMHKU
VS-2017-10,RB-2017,Cuartos,G vs Yenky One,0,F-80,F-94,https://www.youtube.com/watch?v=xoR9LVmwTfE
VS-2017-11,RB-2017,Cuartos,Arkano vs Jony Beltran,0,F-52,F-62,https://www.youtube.com/watch?v=wWtcdK7bd4Y
VS-2017-12,RB-2017,Cuartos,Aczino vs Gaviria,0,F-55,F-93,https://www.youtube.com/watch?v=SWrOL_FtT_A
VS-2017-13,RB-2017,Semifinal,Wos vs Yenky One,0,F-96,F-80,https://www.youtube.com/watch?v=jJZcwjYPBcE&t
VS-2017-14,RB-2017,Semifinal,Aczino vs Arkano,0,F-55,F-52,https://www.youtube.com/watch?v=SWyYot2Ue00
VS-2017-15,RB-2017,Tercer Lugar,Arkano vs Yenky One,0,F-52,F-80,https://www.youtube.com/watch?v=VOHgIr6dSZI
VS-2017-16,RB-2017,Final,Aczino vs Wos,0,F-55,F-96,https://www.youtube.com/watch?v=_Cx6Di76ocQ
VS-2018-01,RB-2018,Octavos,KDT vs Valles-T,0,F-86,F-106,https://www.youtube.com/watch?v=G0bkdfXdaz4
VS-2018-02,RB-2018,Octavos,Pepe Grillo vs Yeriko,0,F-98,F-104,https://www.youtube.com/watch?v=_Xj-43BCaXA
VS-2018-03,RB-2018,Octavos,Rapder vs Wos,0,F-96,F-102,https://www.youtube.com/watch?v=TS7SgBWrVzo
VS-2018-04,RB-2018,Octavos,Letra vs Neon,0,F-110,F-108,https://www.youtube.com/watch?v=Car72fmu7oA
VS-2018-05,RB-2018,Octavos,Bnet vs Switch,0,F-101,F-91,https://www.youtube.com/watch?v=Muz8SmQErX0
VS-2018-06,RB-2018,Octavos,Arkano vs Dozer,0,F-52,F-107,https://www.youtube.com/watch?v=CktcpfbM8qo
VS-2018-07,RB-2018,Octavos,Indico vs RVS,1,F-105,F-103,https://www.youtube.com/watch?v=G3IpRgeS9c8
VS-2018-08,RB-2018,Octavos,Aczino vs Jaze,0,F-55,F-109,https://www.youtube.com/watch?v=HN_2_7HF8h0
VS-2018-09,RB-2018,Cuartos,Pepe Grillo vs Vallest-T,0,F-86,F-98,https://www.youtube.com/watch?v=SstINkF8Pzg
VS-2018-10,RB-2018,Cuartos,Letra vs Wos,0,F-96,F-110,https://www.youtube.com/watch?v=MuUBaDg_q88
VS-2018-11,RB-2018,Cuartos,Arkano vs Bnet,0,F-101,F-52,https://www.youtube.com/watch?v=UdOAh2WJ9dI
VS-2018-12,RB-2018,Cuartos,Aczino vs Indico,0,F-55,F-105,https://www.youtube.com/watch?v=Kk2C0q1rG5M
VS-2018-13,RB-2018,Semifinal,Valles-T vs Wos,0,F-96,F-86,https://www.youtube.com/watch?v=w95MinMftEY
VS-2018-14,RB-2018,Semifinal,Aczino vs Bnet,0,F-55,F-101,https://www.youtube.com/watch?v=C0CGy87Mg6Y
VS-2018-15,RB-2018,Tercer Lugar,Bnet vs Valles-T,0,F-86,F-101,https://www.youtube.com/watch?v=yUahtYTVzjU
VS-2018-16,RB-2018,Final,Aczino vs Wos,0,F-96,F-55,https://www.youtube.com/watch?v=kJMPD1W2Pjs
VS-2019-01,RB-2019,Octavos,Jaze vs SNK,0,F-120,F-109,https://www.youtube.com/watch?v=gkfOnJI4Byc
VS-2019-02,RB-2019,Octavos,Lobo Estepario vs Zasko Master,1,F-123,F-122,https://www.youtube.com/watch?v=1rAMZubEh6U
VS-2019-03,RB-2019,Octavos,Bnet vs Carpediem,0,F-101,F-115,https://www.youtube.com/watch?v=9SRlFW00i6g
VS-2019-04,RB-2019,Octavos,Franco vs Yartzi,0,F-124,F-119,https://www.youtube.com/watch?v=2WkvtuDmHMY
VS-2019-05,RB-2019,Octavos,Chang vs Valles-T,0,F-86,F-118,https://www.youtube.com/watch?v=QMJw4EbEUnc
VS-2019-06,RB-2019,Octavos,Jokker vs Litzen,1,F-117,F-113,https://www.youtube.com/watch?v=roCLQgK-1KM
VS-2019-07,RB-2019,Octavos,Tito MC vs Trueno,0,F-114,F-121,https://www.youtube.com/watch?v=KJbIAlUdmLw
VS-2019-08,RB-2019,Octavos,Aczino vs Wos,2,F-55,F-96,https://www.youtube.com/watch?v=hpaBG68l-Vk
VS-2019-09,RB-2019,Cuartos,SNK vs Zasko Master,0,F-120,F-123,https://www.youtube.com/watch?v=F6XHz9RNNY4
VS-2019-10,RB-2019,Cuartos,Bnet vs Yartzi,0,F-101,F-124,https://www.youtube.com/watch?v=5WQklc6XezY
VS-2019-11,RB-2019,Cuartos,Jokker vs Valles-T,0,F-86,F-117,https://www.youtube.com/watch?v=K_Bt-mrGYLI
VS-2019-12,RB-2019,Cuartos,Aczino vs Trueno,0,F-55,F-114,https://www.youtube.com/watch?v=B_TEq5kh0DU
VS-2019-13,RB-2019,Semifinal,Bnet vs SNK,0,F-101,F-120,https://www.youtube.com/watch?v=oAvqMFQI-Vs
VS-2019-14,RB-2019,Semifinal,Aczino vs Valles-T,2,F-86,F-55,https://www.youtube.com/watch?v=QDItRdin0eg
VS-2019-15,RB-2019,Tercer Lugar,Aczino vs SNK,0,F-55,F-120,https://www.youtube.com/watch?v=dptp2KCg2Mo
VS-2019-16,RB-2019,Final,Bnet vs Valles-T,1,F-101,F-86,https://www.youtube.com/watch?v=28FbILWvMyU
VS-2020-01,RB-2020,Octavos,Aczino vs Shield Master,0,F-55,F-112,https://www.youtube.com/watch?v=-gm1JvhsDCc
VS-2020-02,RB-2020,Octavos,Naicen vs SNK,0,F-127,F-120,https://www.youtube.com/watch?v=aogRvnNSOGg
VS-2020-03,RB-2020,Octavos,Skone vs Tata,0,F-81,F-60,https://www.youtube.com/watch?v=AxOJdUicSwk
VS-2020-04,RB-2020,Octavos,Acertijo vs Minos,0,F-125,F-111,https://www.youtube.com/watch?v=Xvd_4Boa7E4
VS-2020-05,RB-2020,Octavos,Exodo Lirical vs Mac,0,F-128,F-126,https://www.youtube.com/watch?v=QyR7g0dP9Fc
VS-2020-06,RB-2020,Octavos,Bnet vs Valles-T,1,F-101,F-86,https://www.youtube.com/watch?v=z7V0WRwuHrM
VS-2020-07,RB-2020,Octavos,Rapder vs Stick,0,F-102,F-66,https://www.youtube.com/watch?v=zv50rTUlOmk
VS-2020-08,RB-2020,Octavos,Elevn vs Yartzi,0,F-124,F-99,https://www.youtube.com/watch?v=Rc1C1K2j63k
VS-2020-09,RB-2020,Cuartos,Aczino vs Naicen,0,F-55,F-127,https://www.youtube.com/watch?v=B1f8xhgtQaw
VS-2020-10,RB-2020,Cuartos,Acertijo vs Skone,1,F-81,F-125,https://www.youtube.com/watch?v=AcSUFyah3co
VS-2020-11,RB-2020,Cuartos,Bnet vs Exodo Lirical,0,F-128,F-101,https://www.youtube.com/watch?v=h5wdAdgFjC4
VS-2020-12,RB-2020,Cuartos,Rapder vs Yartzi,0,F-102,F-124,https://www.youtube.com/watch?v=lAAIGDJ6LIY
VS-2020-13,RB-2020,Semifinal,Aczino vs Skone,1,F-81,F-55,https://www.youtube.com/watch?v=yv8yFhRsWVc
VS-2020-14,RB-2020,Semifinal,Exodo Lirical vs Rapder,2,F-102,F-128,https://www.youtube.com/watch?v=wIcz1_7qx-4
VS-2020-15,RB-2020,Tercer Lugar,Aczino vs Exodo Lirical,0,F-55,F-128,https://www.youtube.com/watch?v=Fwda4AWZ6V4
VS-2020-16,RB-2020,Final,Rapder vs Skone,0,F-102,F-81,https://www.youtube.com/watch?v=oGrcVKNIvAU
VS-2021-01,TP-2021,Cuartos,Aldahir vs Hander,0,F-137,F-140,https://www.youtube.com/watch?v=BmuCkeC_QZA
VS-2021-02,TP-2021,Cuartos,Coloso vs Wolf,0,F-138,F-139,https://www.youtube.com/watch?v=TlXkKqcj00I
VS-2021-03,TP-2021,Cuartos,Imigrante vs Jair Wong,1,F-141,F-77,https://www.youtube.com/watch?v=xv9Yin8pkHU
VS-2021-04,TP-2021,Cuartos,Indico vs Jokker,0,F-117,F-105,https://www.youtube.com/watch?v=KY12tAY6_ug
VS-2021-05,TP-2021,Semifinal,Hander vs Wolf,1,F-138,F-137,https://www.youtube.com/watch?v=orecmaPOTyw
VS-2021-06,TP-2021,Semifinal,Jair Wong vs Jokker,1,F-141,F-117,https://www.youtube.com/watch?v=p9Pf4DeSKRM
VS-2021-07,TP-2021,Tercer Lugar,Hander vs Jokker,0,F-117,F-137,https://www.youtube.com/watch?v=JyRqcaHSEyY
VS-2021-08,TP-2021,Final,Jair Wong vs Wolf,1,F-141,F-138,https://www.youtube.com/watch?v=0y33psysZCI
VS-2021-09,RB-2021,Octavos,Aczino vs P8,0,F-55,F-131,https://www.youtube.com/watch?v=2ONx0ANs_i8
VS-2021-10,RB-2021,Octavos,Basek vs Jair Wong,1,F-141,F-51,https://www.youtube.com/watch?v=H31hirF_XOE
VS-2021-11,RB-2021,Octavos,Klan vs Stick,1,F-66,F-129,https://www.youtube.com/watch?v=k4IeXjhGwFs
VS-2021-12,RB-2021,Octavos,Alfredozki vs Rapder,0,F-102,F-132,https://www.youtube.com/watch?v=QHkeIdTCsOY
VS-2021-13,RB-2021,Octavos,Exodo Lirical vs Skone,1,F-81,F-128,https://www.youtube.com/watch?v=CbZOCdIiMJ8
VS-2021-14,RB-2021,Octavos,Hammer vs Reverse,0,F-134,F-136,https://www.youtube.com/watch?v=tVaqvnPURE8
VS-2021-15,RB-2021,Octavos,Marithea vs Skiper,0,F-130,F-135,https://www.youtube.com/watch?v=Qtmp1ec0E5g
VS-2021-16,RB-2021,Octavos,Gazir vs RC,0,F-133,F-143,https://www.youtube.com/watch?v=QzqMeAHG9Q8
VS-2021-17,RB-2021,Cuartos,Aczino vs Jair Wong,0,F-55,F-141,https://www.youtube.com/watch?v=lTqkQFTonSw
VS-2021-18,RB-2021,Cuartos,Rapder vs Stick,0,F-102,F-66,https://www.youtube.com/watch?v=--J5QIIdm3Q
VS-2021-19,RB-2021,Cuartos,Reverse vs Skone,0,F-81,F-134,https://www.youtube.com/watch?v=RDBWF_0g47k
VS-2021-20,RB-2021,Cuartos,Gazir vs Marithea,1,F-133,F-130,https://www.youtube.com/watch?v=xvOip7C_t1o
VS-2021-21,RB-2021,Semifinal,Aczino vs Rapder,0,F-55,F-102,https://www.youtube.com/watch?v=Bd0HcbOxKyM
VS-2021-22,RB-2021,Semifinal,Gazir vs Skone,1,F-81,F-133,https://www.youtube.com/watch?v=_qpbio7thY4
VS-2021-23,RB-2021,Tercer Lugar,Gazir vs Rapder,0,F-133,F-102,https://www.youtube.com/watch?v=1eTXvyO4ssI
VS-2021-24,RB-2021,Final,Aczino vs Skone,0,F-55,F-81,https://www.youtube.com/watch?v=6OPep2-WVns
VS-2022-01,TP-2022,Octavos,Jesus LC vs Mister H,0,F-150,F-161,https://www.youtube.com/watch?v=Q4EX7ke36Tc
VS-2022-02,TP-2022,Octavos,Hander vs Jin Blacke,0,F-137,F-158,https://www.youtube.com/watch?v=mAGEbYs714w
VS-2022-03,TP-2022,Octavos,Mito vs Willy,0,F-154,F-152,https://www.youtube.com/watch?v=k3npscpKz6E
VS-2022-04,TP-2022,Octavos,Argon vs Gabo,0,F-155,F-160,https://www.youtube.com/watch?v=N_91pY3N8yI
VS-2022-05,TP-2022,Octavos,Airon vs Gonzo,0,F-151,F-142,https://www.youtube.com/watch?v=u5dlg56jP98
VS-2022-06,TP-2022,Octavos,Gabriel vs Hery con H,0,F-159,F-157,https://www.youtube.com/watch?v=H4-DzSc45ks
VS-2022-07,TP-2022,Octavos,Jair Wong vs Zticma,0,F-141,F-153,https://www.youtube.com/watch?v=-Ta3zsMeNHw
VS-2022-08,TP-2022,Octavos,Sage vs Wolf,0,F-138,F-156,https://www.youtube.com/watch?v=nL3q3GZ9d2k
VS-2022-09,TP-2022,Cuartos,Hander vs Jesus LC,1,F-150,F-137,https://www.youtube.com/watch?v=gVMqXgRpR9U
VS-2022-10,TP-2022,Cuartos,Gabo vs Willy,0,F-155,F-154,https://www.youtube.com/watch?v=UvijuQwqPrc
VS-2022-11,TP-2022,Cuartos,Airon vs Gabriel,1,F-151,F-159,https://www.youtube.com/watch?v=EXurEzBV-oI
VS-2022-12,TP-2022,Cuartos,Jair Wong vs Wolf,1,F-138,F-141,https://www.youtube.com/watch?v=kOLXm0hqdTk
VS-2022-13,TP-2022,Semifinal,Gabo vs Jesus LC,0,F-150,F-155,https://www.youtube.com/watch?v=ZeUZFmYNOAU
VS-2022-14,TP-2022,Semifinal,Airon vs Wolf,0,F-138,F-151,https://www.youtube.com/watch?v=nhidK16RUng
VS-2022-15,TP-2022,Tercer Lugar,Airon vs Gabo,0,F-151,F-155,https://www.youtube.com/watch?v=xCm5UPuUd6M
VS-2022-16,TP-2022,Final,Jesus LC vs Wolf,1,F-138,F-150,https://www.youtube.com/watch?v=SB07S3tsZZs
VS-2022-17,TS-2022,Semifinal,Tirpa vs Valles-T,0,F-86,F-162,https://www.youtube.com/watch?v=H0bfS0X0KC4
VS-2022-18,TS-2022,Semifinal,CTZ vs Skiper,0,F-135,F-163,https://www.youtube.com/watch?v=DfX9nJPL9_w
VS-2022-19,TS-2022,Tercer Lugar,CTZ vs Tirpa,0,F-162,F-163,https://www.youtube.com/watch?v=ZCv8lSZy7mU
VS-2022-20,TS-2022,Final,Skiper vs Valles-T,0,F-135,F-86,https://www.youtube.com/watch?v=Ds-4DJlTMSc
VS-2022-21,RB-2022,Octavos,Indico vs Skone,0,F-81,F-105,https://www.youtube.com/watch?v=yeBB6Kwv02c
VS-2022-22,RB-2022,Octavos,Choque vs Rapder,1,F-102,F-92,https://www.youtube.com/watch?v=YUAN-GvPyZg
VS-2022-23,RB-2022,Octavos,Carpediem vs Yoiker,0,F-115,F-144,https://www.youtube.com/watch?v=4bghkXGzHmo
VS-2022-24,RB-2022,Octavos,Gazir vs Teorema,0,F-133,F-116,https://www.youtube.com/watch?v=1CRyFArrmNg
VS-2022-25,RB-2022,Octavos,Jokker vs Wolf,0,F-138,F-117,https://www.youtube.com/watch?v=r6K-42IRVro
VS-2022-26,RB-2022,Octavos,Mecha vs Skiper,0,F-148,F-135,https://www.youtube.com/watch?v=KkNq0Ouc0Ew
VS-2022-27,RB-2022,Octavos,Spektro vs Valles-T,0,F-149,F-86,https://www.youtube.com/watch?v=cROGjLb4BCM
VS-2022-28,RB-2022,Octavos,Aczino vs Blon,0,F-55,F-145,https://www.youtube.com/watch?v=hKNBuMoPAoQ
VS-2022-29,RB-2022,Cuartos,Rapder vs Skone,0,F-102,F-81,https://www.youtube.com/watch?v=kkHCNAnlhiI
VS-2022-30,RB-2022,Cuartos,Carpediem vs Gazir,2,F-133,F-115,https://www.youtube.com/watch?v=vGr-lsSlsAA
VS-2022-31,RB-2022,Cuartos,Mecha vs Wolf,1,F-148,F-138,https://www.youtube.com/watch?v=WoLgYYiZIcw
VS-2022-32,RB-2022,Cuartos,Aczino vs Spektro,0,F-55,F-149,https://www.youtube.com/watch?v=9-Xk1Vb7ktU
VS-2022-33,RB-2022,Semifinal,Gazir vs Rapder,1,F-133,F-102,https://www.youtube.com/watch?v=1eTXvyO4ssI
VS-2022-34,RB-2022,Semifinal,Aczino vs Mecha,0,F-55,F-148,https://www.youtube.com/watch?v=mi1gnH32cUs
VS-2022-35,RB-2022,Tercer Lugar,Mecha vs Rapder,0,F-148,F-102,https://www.youtube.com/watch?v=I2dXtiXg94s
VS-2022-36,RB-2022,Final,Aczino vs Gazir,0,F-55,F-133,https://www.youtube.com/watch?v=T57tuJ9ttoI
