Pais,Empresa,Obra,Fecha de firma del contrato,año,Modalidad,Fuente de financiamiento,Presidente,Presupuesto inicial moneda local,Presupuesto inicial dólares,Presupuesto final moneda local,Presupuesto final dólares,Diferencia p.final y p.inicial moneda local,Diferencia p.final y p.inicial dólares,¿Costo adicional?,¿Adendas?,Fuente presupuesto inicial,Fuente presupuesto final,Obra incluida en caja 2 / Confesión,DESCRIBIR CAJA 2,TIPO DE CAMBIO INICIO DE LA OBRA,TIPO DE CAMBIO PRESUPUESTO FINAL / ACTUALIZADO,FECHA FIN / ACTUALIZACIÓN DE LA OBRA,"OBRA BAJO SOSPECHA (INVESTIGADA POR JUSTICIA, ÓRGANOS DE CONTROL)",MOTIVO DE LA INVESTIGACIÓN,TIPO DE GOBIERNO,Moneda local,
Venezuela,Odebrecht,Línea 3 Metro (trecho El Valle-La Rinconada),31/12/2004,2004,No fue público,BNDES,Hugo Chávez,78000000,78000000,Sin información,Sin información,Sin información,,NO,Sin información,"C.A Metro de Caracas, adscrito al Ministerio de Infraestructura",,NO,NO,1,,,NO,NO,Gobierno central,Bolívar,
Venezuela,Odebrecht,Linea 5 Metro de Caracas,"01/02/2007
 
 11/6/2015",2015,No fue público,BNDES/Fondo Chino,Hugo Chávez,219342333,219342333,Sin información,Sin información,Sin información,,NO,Sin información,"C.A Metro de Caracas, adscrito al Ministerio de Infraestructura",,NO,NO,1,,,NO,NO,Gobierno central,Bolívar,
Venezuela,Odebrecht,Sistema Vial Tercer Puente sobre el río Orinoco,07/06/2006,2006,No fue público,"Fondo Nacional para el Desarrollo Nacional 
 Fonden",Hugo Chávez,2800000000,2800000000,Sin información,Sin información,Sin información,,NO,Sin información,"Fundación Propatria 2000, adscrita al Ministerio de Infraestructura",,SÍ,El nombre de la obra aparce en planilla de soborno de Odebrecht,1,,,SÍ,El nombre de la obra aparce en planilla de soborno de Odebrecht,Gobierno central,Bolívar,
Venezuela,Odebrecht,Puente Cacique Nigale,19/11/2006,2006,No fue público,"Fondo Nacional para el Desarrollo Nacional 
 Fonden",Hugo Chávez,57000000,57000000,Sin información,Sin información,Sin información,,NO,Sin información,"Corporación para el desarrollo zuliano (Corpozulia);
 Ministerio de Infrestructura",,SÍ,El nombre de la obra aparce en planilla de soborno de Odebrecht,1,,,SÍ,El nombre de la obra aparce en planilla de soborno de Odebrecht,Gobierno central,Bolívar,
Venezuela,Odebrecht,Central Hidroeléctrica Tocoma,19/03/2007,2007,No fue público,"BID
 CAF 
 Bndes",Hugo Chávez,3061000000,3061000000,Sin información,Sin información,Sin información,,NO,Sin información,Corporación Venezolana de Guayana (CVG),,NO,NO,1,,,NO,NO,Gobierno central,Bolívar,
Venezuela,Odebrecht,Proyecto Agrario Integral Socialista José Inácio de Abreu e Lima,21/04/2009,2009,No fue público,BNDES,Hugo Chávez,368938143,368938143,Sin información,Sin información,Sin información,,NO,Sin información,"Instituto Nacional de Desarrollo Rural, adscrito al Ministerio de Agricultura y Tierras.",,SÍ,"La obra es mencionada en Caja 2, junto con el  tercer Puente sobre el Orinoco. Aparecen en la planilla de la ""Programación"" actualizada 31 de marzo 2010 pero sin indicar monto.",1,,,SÍ,"La obra es mencionada en Caja 2, junto con el  tercer Puente sobre el Orinoco. Aparecen en la planilla de la ""Programación"" actualizada 31 de marzo 2010 pero sin indicar monto.",Gobierno central,Bolívar,
Venezuela,Odebrecht,Sistema de Riego El Diluvio-Palmar,26/08/2003,2003,No fue público,Bndes,Hugo Chávez,137000000,137000000,Sin información,Sin información,Sin información,,Sin información,Sin información,,,SÍ,"La obra es mencionada en Caja 2, junto con el  tercer Puente sobre el Orinoco. Aparecen en la planilla de la ""Programación"" actualizada 31 de marzo 2010 pero sin indicar monto.",1,,,SÍ,"La obra es mencionada en Caja 2, junto con el  tercer Puente sobre el Orinoco. Aparecen en la planilla de la ""Programación"" actualizada 31 de marzo 2010 pero sin indicar monto.",Gobierno central,,
Venezuela,"CONSTRUTORA ANDRADE GUTIERREZ, S.A. (SUCURSAL VENEZUELA)",EPS Siderúrgica Nacional en Bolívar,01/03/2009,2009,No fue público,BNDES,Hugo Chávez,865423450,865423450,Sin información,Sin información,Sin información,,NO,Sin información,"Empresa producción Social (EPS) Siderúrgica Nacional, adscrita al Ministerio Industrias Basicas e Ingenieria.","Empresa producción Social (EPS) Siderúrgica Nacional, adscrita al Ministerio Industrias Basicas e Ingenieria (Mibam)",NO,NO,1,,,NO,NO,Gobierno central,Bolívar,
Venezuela,"CONSTRUCTORA ANDRADE GUTIERREZ, S.A. (SUCURSAL VENEZUELA)",Astilleros del Alba (Astialba),01/08/2008,2008,No fue público,BNDES,Hugo Chávez,637894134,637894134,Sin información,Sin información,Sin información,,NO,Sin información,Ministerio para el Ambiente,Pdvsa Naval,NO,NO,1,,,NO,NO,Gobierno central,Bolívar,
Venezuela,Construcciones y Comercio Camargo Correa,Proyecto de saneamiento y desarrollo ambiental de Río Tuy IV (estado Miranda),13/12/2013,2013,No fue público,BNDES,Nicolás Maduro,368938143,368938143,Sin información,Sin información,Sin información,,NO,Sin información,CorpoMiranda,CorpoMiranda,NO,NO,1,,,NO,NO,Gobierno estadual,Bolívar,
Colombia,NAVELENA S.A.S.,Recuperación de la navegabilidad en el Río Magdalena,13/09/2014,2014,Contrato de Asociación Público Privada,,Juan Manuel Santos Calderón,1318824175651,"661074690,7",En ejecución,En ejecución,,,NO,NO,Portal Colombia Compra,,NO,NO,"1.994,97",1,1,SÍ,,Gobierno departamental,Pesos colombianos,
Venezuela,Constructora Queiroz Galvao,Proyecto de Desarrollo Integral Socialista de Producción Agrícola en el Valle de Quibor,02/11/2009,2009,No fue público,Fondo Especial Ezequiel Zamora,Hugo Chávez,1500000000,1500000000,Sin información,Sin información,Sin información,,NO,Sin información,"Instituto Nacional de Desarrollo Rural (Inder), adscrito al Ministerio de Agricultura y Tierras.","Instituto Nacional de Desarrollo Rural (Inder), adscrito al Ministerio de Agricultura y Tierras (Mat)",NO,NO,1,,,NO,NO,Gobierno central,Bolívar,
Ecuador,Odebrecht,CENTRAL HIDROELÉCTRICA MANDURIACU 62 MW DE GENERACIÓN,22/12/2011,2011,Invitación directa,Préstamo BNDES,Rafael Correa,124881250,124881250,"227389966,6","227389966,6","102508716,6","102508716,6",SÍ,SÍ,Comisión Nacional Anticorrupción,Comisión Nacional Anticorrupción. Setiembre 2015.,NO,NO,1,1,1,NO,NO,Gobierno central,Dólar,
Ecuador,Odebrecht,CONSTRUCCIÓN DEL POLIDUCTO PASCUALES - CUENCA Y SUS ESTACIONES,17/10/2013,2013,Invitación directa,Fondos Petroecuador Empresa Pública,Rafael Correa,"369976791,3","369976791,3",601960353,601960353,"231983561,7","231983561,7",SÍ,Sin información,Ministerio de Electricidad de Ecuador,Petroecuador. 2016,NO,NO,1,1,1,NO,NO,Gobierno central,Dólar,
Ecuador,Odebrecht,"CONTRATACIÓN DE LOS TRABAJOS DE PREPARACIÓN PARA EL ÁREA DE IMPLANTACIÓN DEL PROYECTO “REFINERÍA DEL PACÍFICO”, PROVINCIA DE MANABÍ.",13/08/2012,2012,Licitación pública,Fondos Refinería del Pacífico Eloy Alfaro RDP-CEM,Rafael Correa,"229995259,7","229995259,7","295524087,4","295524087,4","65528827,69","65528827,69",SÍ,SÍ,Ministerio de Electricidad de Ecuador,Fondos Refinería del Pacífico Eloy Alfaro RDP-CEM. Noviembre de 2016.,NO,NO,1,1,1,NO,NO,Gobierno central,Dólar,
Ecuador,Odebrecht,"TRABAJOS DE CONSTRUCCIÓN DEL ACUEDUCTO REPRESA LA ESPERANZA - REFINERÍA DEL PACÍFICO ELOY ALFARO, UBICADO EN LA PROVINCIA DE MANABÍ, REPÚBLICA DEL ECUADOR",03/09/2013,2013,Licitación pública,Fondos Refinería del Pacífico Eloy Alfaro RDP-CEM,Rafael Correa,"259914484,3","259914484,3",307000000,307000000,"47085515,74","47085515,74",SÍ,SÍ,Refineria del Pacifico,Fondos Refinería del Pacífico Eloy Alfaro RDP-CEM. 2014.,NO,NO,1,1,1,NO,NO,Gobierno central,Dólar,
Ecuador,Odebrecht,PROYECTO TRASVASE DAULE VINCES,30/04/2012,2012,Licitación pública,BNDES,Rafael Correa,"190990182,3","190990182,3",294000000,294000000,"103009817,7","103009817,7",SÍ,SÍ,Bndes,Discurso oficial de Rafael Correa. Diciembre de 2015,SÍ,Se detectó un traspaso de 553 mil 176 dólares en abril de 2014 a Eathisa en Espana y CIPSA,1,1,1,SÍ,Se detectó un traspaso de 553 mil 176 dólares en abril de 2014 a Eathisa en Espana y CIPSA,Gobierno central,Dólar,
Ecuador,Odebrecht,REPARACIÓN DEL TUNEL CENTRAL HIDROELÉCTRICA PUCARÁ,28/10/2011,2011,Contratación directa por emergencia,n/h,Rafael Correa,"14941431,68","14941431,68","17885159,76","17885159,76","2943728,08","2943728,08",SÍ,Sin información,,Contraloría General del Estado. 2013.,NO,NO,1,1,1,NO,NO,Gobierno central,Dólar,
Ecuador,Acciona Odebrecht,Metro de Quito,27/10/2015,2015,Licitación pública,Banco Interamericano de Desarrollo (BID) Corporacion Andina de Fomento (CAF) Banco Mundial (BM),Rafael Correa,1538000000,1538000000,En ejecución,En ejecución,,0,NO,Sin información,Metro de Quito,,NO,NO,1,1,1,NO,NO,Gobierno municipal,Dólar,
Guatemala,Constructora Norberto Odebrecht,Rehabilitación y ampliación a cuatro carriles de la Ruta CA-2 Occidente Tecún Umán-Cocales,13/12/2012,2012,Préstamo,BNDES Y BCIE,Otto Pérez Molina,3007970119,"384523653,7",3007970119,0,0,,NO,SÍ,Banco Centroamericano de Integración Económica (BCIE) y BNDES,Banco Centroamericano de Integración Económica (BCIE) y BNDES,NO,NO,"7,822588",,En ejecución,SÍ,Investigada por la Contraloría de Cuentas por la modificación del contrato.,Gobierno central,Quetzales,
México,Norberto Odebrecht SA,Modernización de la refinería de Minatitlán (Veracruz),01/02/2005,2005,Licitación pública internacional,,Vicente Fox,7110880000,"636605192,5",12871000000,1008699060,5760120000,"451420062,7",SÍ,SÍ,Petróleos Mexicanos (Pemex),Petróleos Mexicanos -  Pemex. 2013.,NO,NO,"11,17","12,76",2013,SÍ,Retraso en la entrega de la obra con sobrecosto,Gobierno federal,Pesos mexicanos,
Argentina,Odebrecht (en consorcio),Soterramiento Ferrocarril Sarmiento,23/12/2008,2008,Licitación pública,BNDES y Tesoro de la Nación,Cristina F. de Kirchner,4074309611,1191318600,4074309611,"251500593,2",0,0,SÍ,SÍ,Informe de gestión de la Unidad Ejecutora Soterramiento del Ferrocarril Sarmiento. Crédito BNDES.,Informe Unidad Ejecutora Soterramiento del Ferrocarril Sarmiento 2013-2015.,SÍ,La información aparece en documento de Policía Federal de Brasil,"3,42","16,2",En ejecución,SÍ,Sospecha de pago de coimas en Brasil y en dos expedientes en la Argentina.,Gobierno central,Pesos argentinos,
Argentina,Odebrecht (en consorcio),Planta Potabilizadora Parana de Las Palmas,2008,2008,Licitación públlica,Fondos del Tesoro Nacional y BNDES,Cristina F. de Kirchner,1893424855,"603001546,2",3827734283,,1934309428,,SÍ,SÍ,Expediente judicial. informe oficial Aysa,"Expediente judicial: causas n°1614/16, caratulada “Ben, Carlos s/asociación ilícita” en trámite ante la Secretaría N°13 del Juzgado en lo criminal y correccional Federal N°7, fiscalía federal número 6.",NO,NO,"3,14","Se sumaron distintos valores: en 2008 el presupuesto cambió tres veces. Luego se sumó una addenda en 2013 y otra en 2015. Por lo tanto, al finalizar 2008, el tipo de cambio era 3,14. al finalizar 2013, era 6,48. Al finalizar 2015, el dólar valía 12,90.",,SÍ,Investigada por presuntos sobreprecios en la Justicia agentina.,Gobierno central,Pesos argentinos,
Argentina,Odebrecht,Ampliación Gasoductos Libertador General San Martín y Neuba II (Ampliación de Capacidad de Transporte firme de gas 2006-2008),2006,2007,Open Season (concurso abierto y público),Nación Fideicomiso (Banco de la Nación Argentina) y BNDES,Néstor Kirchner,4962009152,1727117700,8855425099,2840097851,3893415947,1248690169,SÍ,SÍ,"Expediente judicial,informe Auditoría General de la Nacion (AGN)","Causa judicial N° 13404/2007 ""Cameron, Daniel y otros s/incumplimiento de autoridad y violación de deberes de funcionario púbico"". Ente Regulador del Gas informe Auditoría General de la Nación (AGN), Documentos BNDES secuestrados por la Justicia de Brasil.",SÍ,Pago de coimas de acuerdo a declaración del ejecutivo Marcio Faria,"2,873",3,25/1/2007,SÍ,"Sospecha de sobreprecios, según tres informes oficiales.Investigación judicial reabierta.",Gobierno central,Pesos argentinos,
Argentina,Odebrecht,Planta de Reformado Catalítico Continuo (YPF),2009,2009,Licitación,YPF,Cristina F. de Kirchner,1318920000,348000000,Sin información,Sin información,Sin información,Sin información,Sin información,Sin información,Sin información,Sin información,Sin información,Presuntos sobreprecios y posible pago de sobornos,"3,79",Sin información,Sin información,SÍ,Presuntos sobreprecios,Gobierno central,Pesos argentinos,
Argentina,Odebrecht,Foro Regional Eléctrico Provincia de Buenos Aires (FREBA),2013,2013,Licitación,BNDES,Cristina F. de Kirchner,1296000000,200000000,Sin información,Sin información,Sin información,Sin información,Sin información,Sin información,Crédito del BNDES,Sin información,Sin información,Sin información,"6,48",Sin información,Sin información,Sin información,Sin información,Gobierno regional,Pesos argentinos,
Argentina,Odebrecht,"Gasoductos troncales en La Calera, provincia de Córdoba (seis sistemas)",2016,2016,Licitación pública,Provincia de Córdoba y Ejecutivo Nacional,Mauricio Macri,8627911801,"529319742,4",Obra en ejecución temprana,Obra en ejecución temprana,Sin información,Sin información,SÍ,Sin información,"Anuncio oficial, información periodística",Sin información,Sin información,Sin información,"16,3",Sin información,Sin información,SÍ,Presuntos sobornos,Gobierno regional,Pesos argentinos,
Colombia,CONCESIONARIA RUTA DEL SOL S.A.S.,Rutas de Sol,14/01/2010,2010,Licitación Pública,,Alvaro Uribe Velez,2094286000000,"933598723,3",2771092954098,1235308284,676806954098,"301709560,3",SÍ,SÍ,Portal Colombia Compra,Agencia Nacional de Infraestructura (14-03-2014),SÍ,El nombre de la obra aparce en planilla de soborno de Odebrecht,"2.243,24","2.243,24",14-03-2014,SÍ,El nombre de la obra aparce en planilla de soborno de Odebrecht,Gobierno central,Pesos colombianos,
Colombia,CONSORCIO PARA LA PROSPERIDAD - CONPROS,Proyecto transversal de Boyaca fase 2,08/06/2012,2012,Licitación Pública,,Juan Manuel Santos Calderón,154280297291,"87316443,56",184740904214,"54465315,67",30460606923,"8980396,51",SÍ,SÍ,Portal Colombia Compra,Agencia Nacional de Infraestructura (10-02-2016),NO,NO,"1.766,91","3.391,90",10-02-2016,NO,NO,Gobierno central,Pesos colombianos,
México,Norberto Odebrecht SA,Plataformas y terrenos para proyecto de reconfiguración en refinería de Tula,15/02/2014,2014,Adjudicación directa,,Enrique Peña Nieto,1436398637,108489323,2315682231,"145823818,1",879283594,"55370503,4",SÍ,SÍ,Petróleos Mexicanos (Pemex),Petróleos Mexicanos - Pemex. 2015.,NO,NO,"13,24","15,88",2015,SÍ,Obra asignada sin licitación,Gobierno central,Pesos mexicanos,
México,Norberto Odebrecht SA,Segunda etapa norte del gasoducto Los Ramones,07/07/2014,2014,Adjudicación directa,,Enrique Peña Nieto,13960000000,1074672825,18000000000,"963597430,4",4040000000,"216274089,9",SÍ,SÍ,Petróleos Mexicanos (Pemex),Petróleos Mexicanos - Pemex. 2016,NO,NO,"12,99","18,68",2016,SÍ,Uso de offshore para ocultar contrato,Gobierno central,Pesos mexicanos,
México,Norberto Odebrecht SA,Construcción de accesos a refinería de Tula,01/11/2015,2015,Adjudicación directa,,Enrique Peña Nieto,1939628719,"117553255,7",1939628719,"117553255,7",0,0,NO,Sin información,Petróleos Mexicanos (Pemex),Petróleos Mexicanos - Pemex. 2016,NO,NO,"16,5",,2016,SÍ,Obra asignada sin licitación,Gobierno central,Pesos mexicanos,
México,Norberto Odebrecht SA,Reconfiguración de la refinería de Salamanca,06/11/2014,2014,Adjudicación directa,,Enrique Peña Nieto,1177343900,"86505797,21",1177343900,"63026975,37",0,0,NO,Sin información,Petróleos Mexicanos (Pemex),Petróleos Mexicanos - Pemex. 2016,NO,NO,"13,61","18,68",2016,SÍ,Obra asignada sin licitación,Gobierno central,Pesos mexicanos,
México,Norberto Odebrecht SA,Proyecto hidroeléctrico en Michoacán,29/11/2006,2006,Licitación pública,,Vicente Fox,1500828147,"137690655,7",2915294762,"228471376,3",1414466615,"110851615,6",SÍ,SÍ,Comisión de Agua de Michoacán,Comisión de Agua de Michoacán. 2013,SÍ,El nombre de la obra aparce en planilla de soborno de Odebrecht,"10,9","12,76",2013,SÍ,Obra asignada sin licitación,Gobierno federal,Pesos mexicanos,
Mozambique,Odebrecht,Aeroporto de Nacala,01/04/2011,2011,Sin información,,Armando Guebuza,110000000,110000000,210000000,210000000,100000000,100000000,SÍ,Sin información,Governo de Moçambique,Aeroportos de Moçambique. 2016,NO,NO,1,1,2016,SÍ,Presuntas irregularidades en adjudicación y ejecución de la obra.,Gobierno central,Metical,
Panamá,"Constructora
 Norberto Odebrecht, S.A",Sistema de Riego Remigio Rojas,08/03/2006,2006,Licitación pública,,Martín Torrijos,54221496,54221496,65201330,65201330,10979834,10979834,SÍ,SÍ,Gaceta Oficial de Panamá,Contraloría General de la República. 2008,NO,NO,1,1,2008,SÍ,La Fiscalía Especial Anticorrupción pidió auditoría como parte de las investigaciones por sobornos.,Gobierno central,Dólar,
Panamá,"Constructora
 Norberto Odebrecht, S.A",Cinta Costera I,23/07/2007,2007,Licitación por mejor valor,,Martín Torrijos,189102356,189102356,189102356,189102356,0,0,NO,SÍ,Portal Panamá Compra,Contraloría General de la República. 2012,NO,NO,1,1,2012,SÍ,La Fiscalía Especial Anticorrupción pidió auditoría como parte de las investigaciones por sobornos.,Gobierno central,Dólar,
Panamá,"Constructora
 Norberto Odebrecht, S.A",Cinta Costera II,28/09/2009,2009,Adenda,,Ricardo Martinelli,52069638,52069638,72690961,72690961,20621323,20621323,SÍ,SÍ,Gaceta Oficial de Panamá,Contraloría General de la República. Marzo de 2013.,NO,NO,1,1,mar.-2013,SÍ,La Fiscalía Especial Anticorrupción pidió auditoría como parte de las investigaciones por sobornos.,Gobierno central,Dólar,
Panamá,"Constructora
 Norberto Odebrecht, S.A",Autopista Don Alberto Motta (Panamá-Colón),25/09/2006,2006,Cesión parcial del Contrato de Concesión,Banco Nacional,Martín Torrijos,215859446,215859446,843155038,843155038,627295592,627295592,SÍ,SÍ,Gaceta Oficial de Panamá,Contraloría General de la República. Julio de 2012,NO,NO,1,1,jul.-2012,SÍ,La Fiscalía Especial Anticorrupción pidió auditoría como parte de las investigaciones por sobornos.,Gobierno central,Dólar,
Panamá,"Constructora
 Norberto Odebrecht, S.A",Túnel de Saneamiento de la Bahía De Panamá,29/01/2009,2009,Licitación pública,,Martín Torrijos,139503000,139503000,384500000,384500000,244997000,244997000,SÍ,SÍ,Portal Panamá Compra,Contraloría General de la República. 2013,NO,NO,1,1,2013,SÍ,La Fiscalía Especial Anticorrupción pidió auditoría como parte de las investigaciones por sobornos.,Gobierno central,Dólar,
Panamá,"Constructora
 Norberto Odebrecht, S.A",Canalización Río Caldera,2009,2009,Contratación directa,,Ricardo Martinelli,11493257,11493257,11493257,11493257,0,0,NO,Sin información,Gaceta Oficial de Panamá,Contraloría General de la República. 2010.,NO,NO,1,1,2010,NO,NO,Gobierno central,Dólar,
Panamá,"Constructora
 Norberto Odebrecht, S.A",Renovación Urbana de Curundú,02/01/2010,2010,Licitación por mejor valor,,Ricardo Martinelli,94363500,94363500,117566358,117566358,23202858,23202858,SÍ,SÍ,Portal Panamá Compra,Contraloría General de la República. Abril de 2013.,NO,NO,1,1,abr.-2013,SÍ,La Fiscalía Especial Anticorrupción pidió auditoría como parte de las investigaciones por sobornos.,Gobierno central,Dólar,
Panamá,"Consorcio Línea Uno (Constructora Norberto Odebrecht, Fomento de Construcciones y Contratas y Alstom)",Línea 1 del Metro de Panamá,26/11/2010,2010,Licitación por mejor valor,,Ricardo Martinelli,1446979170,1446979170,2009393828,2009393828,562414658,562414658,SÍ,SÍ,Portal Panamá Compra,Contraloría General de la República. Abril de 2014.,NO,NO,1,1,abr.-2014,SÍ,La Fiscalía Especial Anticorrupción pidió auditoría como parte de las investigaciones por sobornos.,Gobierno central,Dólar,
Panamá,"Constructora
 Norberto Odebrecht, S.A",Cinta Costera III,2011,2011,Licitación por mejor valor,,Ricardo Martinelli,776918389,776918389,782146976,782146976,5228587,5228587,SÍ,SÍ,Portal Panamá Compra,Contraloría General de la República. Abril de 2014.,NO,NO,1,1,abr.-2014,SÍ,La Fiscalía Especial Anticorrupción pidió auditoría como parte de las investigaciones por sobornos.,Gobierno central,Dólar,
Panamá,"Constructora
 Norberto Odebrecht, S.A",Preservación del Patrimonio Histórico de la ciudad de Panamá,19/05/2011,2011,Licitación por mejor valor,,Ricardo Martinelli,168648629,168648629,255498701,255498701,86850072,86850072,SÍ,SÍ,Portal Panamá Compra,Contraloría General de la República. Febrero de 2014.,NO,NO,1,1,feb.-2014,SÍ,"La Contraloría General de la República dijo en un informe que el precio razonable hubiera sido 204,701,861 dólares. Y marcó un sobreprecio estimado en 51 millones 496 mil740 dólares",Gobierno central,Dólar,
Panamá,"Constructora
 Norberto Odebrecht, S.A",Ampliación y Mejoramiento de los Servicios de Acueducto y Alcantarillado,12/26/2012,2012,Licitación,,Ricardo Martinelli,157800000,157800000,206728064,206728064,48928064,48928064,SÍ,Sin información,Portal Panamá Compra,Contraloría General de la República. Julio de 2014.,NO,NO,1,1,jul.-2014,NO,NO,Gobierno central,Dólar,
Panamá,"Constructora
 Norberto Odebrecht, S.A",Tercera Línea de Transmisión Eléctrica de Panamá,2013,2013,Licitación por mejor valor,,Ricardo Martinelli,233805500,233805500,273205028,273205028,39399528,39399528,SÍ,SÍ,Portal Panamá Compra,Contraloría General de la República,NO,NO,1,1,En ejecución,NO,NO,Gobierno central,Dólar,
Panamá,"Constructora
 Norberto Odebrecht, S.A","Carretera Panamericana, Tramo 1 -Santiago-Viguí-",2013,2013,Licitación por mejor valor,,Ricardo Martinelli,402359856,402359856,402359856,402359856,0,0,NO,SÍ,Portal Panamá Compra,Contraloría General de la República,NO,NO,1,1,En ejecución,NO,NO,Gobierno central,Dólar,
Panamá,"Constructora
 Norberto Odebrecht, S.A",Ampliación del Aeropuerto de Tocumen,05/31/2013,2013,Licitación por mejor valor,Tocumen SA,Ricardo Martinelli,679428600,679428600,779428600,779428600,100000000,100000000,SÍ,SÍ,Portal Panamá Compra,Contraloría General de la República,NO,NO,1,1,En ejecución,SÍ,La Fiscalía Especial Anticorrupción pidió auditoría como parte de las investigaciones por sobornos.,Gobierno central,Dólar,
Panamá,"Constructora
 Norberto Odebrecht, S.A",Intercomunicación entre Zona Libre de Colón y el Nuevo Aeropuerto Internacional Enrique A. Jiménez- FASE I.,12/12/2013,2013,Licitación pública,,Ricardo Martinelli,9995687,9995687,18366952,18366952,8371265,8371265,SÍ,SÍ,Portal Panamá Compra,Contraloría General de la República,NO,NO,1,1,En ejecución,NO,NO,Gobierno central,Dólar,
Panamá,"Consorcio Línea Dos Constructora NORBERTO ODEBRECHT y FCC CONSTRUCCION, S.A.",Línea 2 del Metro de Panamá,07/24/2015,2015,Licitación por mejor valor,,Juan Carlos Varela,2062753674,2062753674,En ejecución,En ejecución,,0,NO,Sin información,Portal Panamá Compra,,NO,NO,1,1,En ejecución,SÍ,La Fiscalía Especial Anticorrupción pidió auditoría como parte de las investigaciones por sobornos.,Gobierno central,Dólar,
Panamá,"Consorcio Nuevo Colón (Odebrecht, CUSA)",Renovación Urbana de Colón,26/06/2015,2015,Licitación pública,,Juan Carlos Varela,569000000,569000000,En ejecución,En ejecución,,0,NO,Sin información,Gobierno de Panamá,,NO,NO,1,1,En ejecución,SÍ,La Fiscalía Especial Anticorrupción pidió auditoría como parte de las investigaciones por sobornos.,Gobierno central,Dólar,
Panamá,"Constructora
 Norberto Odebrecht, S.A",Revitalización de los Espacios Públicos de la Ciudad de Panamá,06/01/2016,2016,Licitación por mejor valor,Alcaldía de Panamá,Juan Carlos Varela,100558600,100558600,En ejecución,En ejecución,,0,NO,SÍ,Portal Panamá Compra,,NO,NO,1,1,En ejecución,NO,NO,Gobierno municipal,Dólar,
Panamá,"Constructora
 Norberto Odebrecht, S.A","Rehabilitación de Caminos Rurales en las provincias de Veraguas, Chiriquí y Comarca Ngobe Bugle - Renglón 2",04/13/2016,2016,Licitación por mejor valor,,Juan Carlos Varela,22456346,22456346,En ejecución,En ejecución,,0,NO,SÍ,Portal Panamá Compra,,NO,NO,1,1,En ejecución,NO,NO,Gobierno central,Dólar,
Panamá,"Constructora
 Norberto Odebrecht, S.A","Rehabilitación de Caminos Rurales en las provincias de Veraguas, Chiriquí y Comarca Ngobe Bugle - Renglón 3",4/13/2016,2016,Licitación por mejor valor,,Juan Carlos Varela,5154950,5154950,En ejecución,En ejecución,,0,NO,Sin información,Portal Panamá Compra,,NO,NO,1,1,En ejecución,NO,NO,Gobierno central,Dólar,
Perú,CONCESIONARIA INTEROCEÁNICA SUR-TRAMO 2 S.A.,"IIRSA Sur tramo 2 -Tramo vial Urcos-Inambari del proyecto corredor vial Interoceánico sur, Perú-Brasil",04/08/2005,2005,Asociación Público Privada,,Alejandro Toledo,854750000,263000000,2340714897,"688445557,9",1485964897,"437048499,1",SÍ,SÍ,Comisión investigadora Lava Jato del Congreso,Ositran. Noviembre de 2016.,SÍ,En confesión de Odebrecht a Justicia de Estados Unidos se menciona a una obra -con las características de Interoceánica- en la que se realizaron pagos de sobornos.,"3,25","3,4",nov.-2016,SÍ,En confesión de Odebrecht a Justicia de Estados Unidos se menciona a una obra -con las características de Interoceánica- en la que se realizaron pagos de sobornos.,Gobierno central,Soles,
Perú,CONCESIONARIA INTEROCEÁNICA SUR-TRAMO 2 S.A.,"Construcción, rehabilitación, mejoramiento, conservación y explotación de los tramos viales del eje multimodal del Amazonas Norte del Plan de Acción para la Integración de infraestructura Regional Sudamericana-IIRSA Norte",17/06/2005,2005,Asociación Público Privada,,Alejandro Toledo,838500000,258000000,2108361002,"620106177,1",1269861002,373488530,SÍ,SÍ,Comisión investigadora Lava Jato del Congreso,Ositran. Noviembre de 2016.,NO,NO,"3,25","3,4",nov.-2016,NO,NO,Gobierno central,Soles,
Perú,CONCESIONARIA INTEROCEÁNICA SUR-TRAMO 2 S.A.,"IIRSA Sur tramo 3-Tramo vial Inambari-Iñapari del proyecto corredor vial Interoceánico Sur, Perú-Brasil",08/04/2005,2005,Asociación Público Privada,,Alejandro Toledo,1283750000,395000000,2337071165,"687373872,1",1053321165,"309800342,6",SÍ,SÍ,Comisión investigadora Lava Jato del Congreso,Ositran. Noviembre de 2016.,SÍ,En confesión de Odebrecht a Justicia de Estados Unidos se menciona a una obra -con las características de Interoceánica- en la que se realizaron pagos de sobornos.,"3,25","3,4",nov.-2016,SÍ,En confesión de Odebrecht a Justicia de Estados Unidos se menciona a una obra -con las características de Interoceánica- en la que se realizaron pagos de sobornos.,Gobierno central,Soles,
Perú,CONCESIONARIA INTEROCEÁNICA SUR-TRAMO 2 S.A.,ELABORACION DEL EXPEDIENTE TECNICO Y EJECUCION DE LAS OBRAS CIVILES Y ELECTROMECANICAS DEL SISTEMA ELECTRICO DE TRANSPORTE MASIVO DE LIMA Y CALLAO LINEA 1 TRAMO 2 AV GRAU SJL,07/08/2011,2011,Asociación Público Privada,,Alan García,1598736186,583480360,2584652054,"885154813,2","985915868,1","337642420,6",SÍ,SÍ,Resolución directoral del Provías,Resolución directoral. Noviembre de 2014.,NO,NO,"2,74","2,92",nov.-2014,NO,NO,Gobierno central,Soles,
Perú,CONCESIONARIA INTEROCEÁNICA SUR-TRAMO 2 S.A.,"Diseño, construcción, mejoramiento, conservación, operación y explotación del proyecto Vías Nuevas de Lima",09/01/2013,2013,Iniciativa Privada,,Ollanta Humala,1272020098,498831411,1944346811,"592788661,9","672326712,9","204977656,4",SÍ,SÍ,Contrato de Provías nacional,Fondo Metropolitano de Inversiones - Invermet . Marzo de 2017.,SÍ,En confesión de Odebrecht a Justicia de Estados Unidos se menciona a una obra -con las características del Tren- en la que se realizaron pagos de sobornos.,"2,55","3,28",mar.-2017,NO,NO,Gobierno Municipal,Soles,
Perú,CONCESIONARIA INTEROCEÁNICA SUR-TRAMO 2 S.A.,Elaboracion del Expediente Tecnico y Ejecucion de las obras civiles y electromecanicas del Sistema Electrico de Transporte Masivo de Lima y Callao linea 1 tramo 1 Villa El Salvador Avenida Grau,23/12/2009,2009,Asociación Público Privada,,Alan García,1177288354,"410205001,4",1435771960,"524004364,9","258483605,7","94337082,39",SÍ,SÍ,Resolución directoral de Transporte y Comunicacionees,Resolución directoral de Ministerio de Transporte y Comunicacionees. Julio de 2011.,SÍ,En confesión de Odebrecht a Justicia de Estados Unidos se menciona a una obra -con las características del Tren- en la que se realizaron pagos de sobornos.,"2,87","2,74",jul.-2011,SÍ,En confesión de Odebrecht a Justicia de Estados Unidos se menciona a una obra -con las características del Tren- en la que se realizaron pagos de sobornos.,Gobierno central,Soles,
Perú,CONCESIONARIA INTEROCEÁNICA SUR-TRAMO 2 S.A.,"REHABILITACION, MEJORAMIENTO Y CONSTRUCCION DE LA CARRETERA: CALLEJON DE HUAYLAS - CHACAS - SAN LUIS",22/12/2010,2010,Convenio,,Alan García,"404826001,1","144066192,6",572278383,205117700,"167452381,9","60018774,88",SÍ,Sin información,Acta buena Pro de Provías,Portal Sosem del Ministerio de Economía y Finanzas. Noviembre de 2013.,NO,NO,"2,81","2,79",nov.-2013,NO,NO,Gobierno central,Soles,
Perú,CONCESIONARIA INTEROCEÁNICA SUR-TRAMO 2 S.A.,OBRA CONSTRUCCION DE LA VIA COSTA VERDE TRAMO CALLAO,19/05/2014,2014,Licitación pública,,Ollanta Humala,"302755404,5","108904821,7","468889659,5","138724751,3","166134255,1","49152146,47",SÍ,SÍ,Contrato de Provías,Adendas de Provías nacional (2016),SÍ,El nombre de la obra aparce en planilla de soborno de Odebrecht,"2,78","3,38",2016,SÍ,El nombre de la obra aparce en planilla de soborno de Odebrecht,Gobierno regional,Soles,
Perú,CONCESIONARIA INTEROCEÁNICA SUR-TRAMO 2 S.A.,CONCURSO OFERTA PARA LA ELABORACION DEL EXPEDIENTE TECNICO Y EJECUCION DE LA OBRA MEJORAMIENTO DE LA TRANSITABILIDAD PEATONAL Y VEHICULAR DE LA AVENIDA VIA DE EVITAMIENTO,12/03/2013,2013,Licitación pública,,Ollanta Humala,"297975952,8","115048630,4",385000000,"113905325,4","87024047,16","25746759,51",SÍ,Sin información,Contrato de Copesco,COPESCO (Set.-2016),NO,NO,"2,59","3,38",set.-2016,SÍ,"La justicia peruana investiga el pago de sobornos al exgobernador de Cusco, Jorge Acurio, por presuntamente haber recibido sobornos para favorecer a Odebrecht en la concesión de esta obra.",Gobierno regional,Soles,
Perú,CONCESIONARIA INTEROCEÁNICA SUR-TRAMO 2 S.A.,"construccion y mejoramiento de la carretera camana - dv. Quilca - matarani - ilo- Tacna sub tramo 1: matarani - el arenal, sub tramo 2: el arenal - punta de bombon",05/12/2014,2014,Licitación pública,,Ollanta Humala,"489402523,2","165338690,3",534246756,"164890974,1","44844232,83","13840812,6",SÍ,Sin información,Contrato del Ministerio de Transprte y Comunicaciones,Ministerio de Transporte y Comunicaciones (Feb.-2017),NO,NO,"2,96","3,24",feb.-2017,NO,NO,Gobierno central,Soles,
Perú,CONCESIONARIA INTEROCEÁNICA SUR-TRAMO 2 S.A.,REHABILITACION Y MEJORAMIENTO CARRETERA EMPALME PE-5N CUÑUMBUQUE - ZAPATERO - SAN JOSE DE SISA,10/12/2008,2008,Licitación pública,,Alan García,"109561076,5","35228641,97",133655058,"52413748,24","24093981,48","9448620,188",SÍ,Sin información,Acta buena Pro de Provías,Gobierno Regional de San Martín (ene.-2013),NO,NO,"3,11","2,55",ene.-2013,NO,NO,Gobierno regional,Soles,
Perú,CONCESIONARIA INTEROCEÁNICA SUR-TRAMO 2 S.A.,Contratación del contratista que ejecutara la obra: rehabilitacion y mejoramiento de la carretera dv negromayo occoruro pallpata dv yauri,19/08/2015,2015,Licitación pública,,Ollanta Humala,"259607468,4","80125761,84",282780488,"87277928,4","23173019,63","7152166,552",SÍ,Sin información,Contrato del Ministerio de Transporte y Comunicaciones,Ministerio de Transporte y Comunicaciones (feb.-2017),NO,NO,"3,24","3,24",feb.-2017,NO,NO,Gobierno central,Soles,
Perú,CONCESIONARIA INTEROCEÁNICA SUR-TRAMO 2 S.A.,LOTE 4 SISTEMA DE AGUA POTABLE DE CHIMBOTE.,23/03/2005,2005,Licitación pública,,Alejandro Toledo,"89186650,26","27357868,18",96265539,"29989264,49","7078888,74","2205261,29",SÍ,SÍ,Contrato del Ministerio de Transporte y Comunicaciones,Adendas del Ministerio de Transporte y Comunicaciones (dic.-2006),NO,NO,"3,26","3,21",dic.-2006,NO,NO,Gobierno central,Soles,
Perú,CONCESIONARIA INTEROCEÁNICA SUR-TRAMO 2 S.A.,Rehabilitación de sistemas de agua y desague del Callao,20/03/2001,2001,Licitación pública,,Alejandro Toledo,"65080373,44","18488742,45","69656052,51","20855105,54","4575679,07","1369963,793",SÍ,SÍ,Contrato del Ministerio de Transporte y Comunicaciones,Adendas del Ministerio de Transporte y Comunicaciones (mar.-2006),NO,NO,"3,52","3,34",mar.-2006,NO,NO,Gobierno central,Soles,
Perú,CONCESIONARIA INTEROCEÁNICA SUR-TRAMO 2 S.A.,INTERCEPTOR NORTE,07/07/2004,2004,Licitación pública,,Alejandro Toledo,"160256154,6","46586091,45",162497930,"51916271,57","2241775,4","716222,1725",SÍ,SÍ,Contrato del Ministerio de Transporte y Comunicaciones,Adendas del Ministerio de Transporte y Comunicaciones (set.-2007),NO,NO,"3,44","3,13",set.-2007,NO,NO,Gobierno central,Soles,
Perú,CONCESIONARIA INTEROCEÁNICA SUR-TRAMO 2 S.A.,"Carretera Tingo María-Aguaytía, Tramo II y puente chino-Aguaytía",19/12/2002,2002,Licitación pública internacional,,Alejandro Toledo,"106074132,2","30220550,47","121936951,9","35140331,97","15862819,77","4571417,801",SÍ,Sin información,Resolución Directoral de Provías,Resolución directoral de Provías (nov.-2013),NO,NO,"3,51","3,47",nov.-2003,NO,NO,Gobierno central,Soles,
Perú,CONCESIONARIA INTEROCEÁNICA SUR-TRAMO 2 S.A.,MEJORAS A LA SEGURIDAD ENERGÉTICA DEL PAÍS Y DESARROLLO DEL GASODUCTO SUR PERUANO,28/08/2014,2014,Asociación Público Privada,,Ollanta Humala,20593519176,7328654511,20593519176,0,0,,NO,No,Contrato del Minem,,NO,NO,"2,81",,En ejecución,SÍ,La justicia peruana investiga irregularidades en la adjudicación de la obra.,Gobierno central,Soles,
Perú,CONCESIONARIA INTEROCEÁNICA SUR-TRAMO 2 S.A.,"DISEÑO, CONSTRUCCIÓN, OPERACIÓN Y MANTENIMIENTO DE LAS OBRAS HIDRÁULICAS MAYORES DEL PROYECTO CHAVIMOCHIC III ETAPA",05/2014,2014,Asociación Público Privada,,Ollanta Humala,1988942716,715447020,1988942716,0,0,,NO,SÍ,Contrato del Minem,,NO,NO,"2,78",,En ejecución,NO,NO,Gobierno central,Soles,
Perú,CONCESIONARIA INTEROCEÁNICA SUR-TRAMO 2 S.A.,"CONSTRUCCIÓN, OPERACIÓN Y MANTENIMIENTO DE LAS OBRAS DE TRASVASE DEL PROYECTO OLMOS",22/07/2004,2004,Asociación Público Privada,,Alejandro Toledo,636400000,185000000,636400000,0,0,0,NO,Sin información,PEOT/ Informe de la Comisión investigadora Lava Jato del Congreso,Proyecto Especial Olmos Tinajones (feb.-2017),NO,NO,"3,44","3,25",feb.-2017,NO,NO,Gobierno regional,Soles,
Perú,CONCESIONARIA INTEROCEÁNICA SUR-TRAMO 2 S.A.,Proyecto Irrigación Olmos,11/06/2010,2010,Iniciativa Privada,,Alan García,623820000,"220431095,4",623820000,0,0,0,NO,Sin información,PEOT/ Informe de la Comisión investigadora Lava Jato del Congreso,Proyecto Especial Olmos Tinajones (feb.-2017),NO,NO,"2,83","3,25",feb.-2017,NO,NO,Gobierno regional,Soles,
Perú,CONCESIONARIA INTEROCEÁNICA SUR-TRAMO 2 S.A.,Central Hidroeléctrica Chadín 2,17/12/2014,2014,Asociación Público Privada,,Ollanta Humala,7400000000,2500000000,7400000000,0,0,,NO,No,Contrato del Minem y Osinergmin,,NO,NO,"2,96",,En ejecución,NO,NO,Gobierno central,Soles,
Perú,CONCESIONARIA INTEROCEÁNICA SUR-TRAMO 2 S.A.,SERVICIO DE GESTIÓN Y CONS. VIAL POR NIV. DE SERV. DEL CORR. VIAL EMP. PE 04-B (HUALAPAMPA) - Sondor - Huancabamba - Pacaipamba - Socchabamba - Puesto Vado Grande / Sondor - Tabaconas - Emp. PE 5N (Ambato) / Huancabamba - Canchaque y Socchabamba – Ayabaca,24/08/2012,2012,Concurso público,,Ollanta Humala,"241744267,7","92622324,77",,0,0,,NO,No,Contrato de Provías nacional,,NO,NO,"2,61",,En ejecución,NO,NO,Gobierno central,Soles,
Perú,CONCESIONARIA INTEROCEÁNICA SUR-TRAMO 2 S.A.,Central Hidroeléctrica Chaglla,13/05/2011,2011,Licitación pública,,Alan García,3454190000,1247000000,3454190000,0,0,,NO,No,Contrato del Minem,,NO,NO,"2,77",,Finalizada,NO,NO,Gobierno central,Soles,
Perú,CONCESIONARIA INTEROCEÁNICA SUR-TRAMO 2 S.A.,Laguna de oxidación sur de San Bartolo. Las obras corresponden a la ampliación de la Laguna Sur o Laguna de Pulimento Sur,25/09/2003,2003,Licitación pública,,Alejandro Toledo,"11292691,73","3245026,359","11292691,73",0,0,,NO,Sin información,Contrato de Provías nacional,,NO,NO,"3,48",,Finalizada,NO,NO,Gobierno central,Soles,
República Dominicana,Odebrecht,Acueducto Línea Noroeste,07/03/2002,2002,Sin información,,Hipólito Mejía,220000000,220000000,251687380,251687380,31687380,31687380,SÍ,Sin información,"Portal Acento, Congreso de la República",,NO,NO,1,1,,SÍ,Investigado a pedido del Ministerio Público,Gobierno central,,https://issuu.com/acento6/docs/solicitud_de_acusaci__n2
República Dominicana,Odebrecht,Hidroeléctrica Palomino,04/04/2005,2005,Sin información,,Leonel Fernández,225000000,225000000,592862580,592862580,367862580,367862580,SÍ,Sin información,"Portal Acento, Congreso de la República",Ministerio Público (30/05/2017),NO,NO,1,1,,SÍ,Investigado a pedido del Ministerio Público,Gobierno central,,https://issuu.com/acento6/docs/solicitud_de_acusaci__n2
República Dominicana,Odebrecht,Hidroeléctrica Pinalito,30/10/2002,2002,Sin información,,Hipólito Mejía,131000000,131000000,361222243,361222243,230222243,230222243,SÍ,Sin información,"Portal Acento, Congreso de la República",Ministerio Público (30/05/2017),NO,NO,1,1,,SÍ,Investigado a pedido del Ministerio Público,Gobierno central,,https://issuu.com/acento6/docs/solicitud_de_acusaci__n2
República Dominicana,Odebrecht,Circunvalación Norte,2014,2014,Sin información,,Danilo Medina,241611441,241611441,0,0,0,0,NO,Sin información,"Portal Acento, Congreso de la República",Ministerio Público (30/05/2017),NO,NO,1,1,,SÍ,Investigado a pedido del Ministerio Público,Gobierno central,,https://issuu.com/acento6/docs/solicitud_de_acusaci__n2
República Dominicana,Odebrecht,Acueducto de Samaná,8/10/2005,2005,Sin información,,Leonel Fernández,115000000,115000000,144707962,144707962,29707962,29707962,SÍ,Sin información,"Portal Acento, Congreso de la República",Ministerio Público (30/05/2017),NO,NO,1,1,,SÍ,Investigado a pedido del Ministerio Público,Gobierno central,,https://issuu.com/acento6/docs/solicitud_de_acusaci__n2
República Dominicana,Odebrecht,Acueducto Hermanas Mirabal,07/09/2010,2010,Sin información,,Leonel Fernández,51000000,51000000,168187500,168187500,117187500,117187500,SÍ,Sin información,"Portal Acento, Congreso de la República",Ministerio Público (30/05/2017),NO,NO,1,1,,SÍ,Investigado a pedido del Ministerio Público,Gobierno central,,https://issuu.com/acento6/docs/solicitud_de_acusaci__n2
República Dominicana,Odebrecht,Corredor Duarte,20/04/2009,2009,Sin información,,Leonel Fernández,204000000,204000000,293091698,293091698,89091698,89091698,SÍ,Sin información,"Portal Acento, Congreso de la República",Ministerio Público (30/05/2017),NO,NO,1,1,,SÍ,Investigado a pedido del Ministerio Público,Gobierno central,,https://issuu.com/acento6/docs/solicitud_de_acusaci__n2
República Dominicana,Odebrecht,Punta Catalina,14/04/2014,2014,Sin información,,Danilo Medina,2010744751,2010744751,0,,0,,NO,Sin información,Ministerio Público (30/05/2017),,NO,NO,1,,,SÍ,Investigado a pedido del Ministerio Público,Gobierno central,,https://issuu.com/acento6/docs/solicitud_de_acusaci__n2
República Dominicana,Odebrecht,Autopista del Coral,20/08/2008,2008,Sin información,,Leonel Fernández,272000000,272000000,471062590,471062590,199062590,199062590,SÍ,Sin información,"Portal Acento, Congreso de la República",Ministerio Público (30/05/2017),NO,NO,1,1,,SÍ,Investigado a pedido del Ministerio Público,Gobierno central,,https://issuu.com/acento6/docs/solicitud_de_acusaci__n2
República Dominicana,Odebrecht,Carretera El Río – Jarabacoa,10/08/2010,2010,Sin información,,Leonel Fernández,71000000,71000000,100545360,100545360,29545360,29545360,SÍ,Sin información,"Portal Acento, Congreso de la República",Ministerio Público (30/05/2017),NO,NO,1,1,,SÍ,Investigado a pedido del Ministerio Público,Gobierno central,,https://issuu.com/acento6/docs/solicitud_de_acusaci__n2
República Dominicana,Odebrecht,Carretera Casabito - Constanza,26/12/2007,2007,Sin información,,Leonel Fernández,41000000,41000000,74625273,74625273,33625273,33625273,SÍ,Sin información,"Portal Acento, Congreso de la República",Ministerio Público (30/05/2017),NO,NO,1,1,,SÍ,Investigado a pedido del Ministerio Público,Gobierno central,,https://issuu.com/acento6/docs/solicitud_de_acusaci__n2
República Dominicana,Odebrecht,Carretera Bávaro - Uvero Alto - Miches - Sabana de la Mar,15/07/2010,2010,Sin información,,Leonel Fernández,370195377,370195377,0,,0,,NO,Sin información,"Portal Acento, Congreso de la República",Ministerio Público (30/05/2017),NO,NO,1,,,SÍ,Investigado a pedido del Ministerio Público,Gobierno central,,https://issuu.com/acento6/docs/solicitud_de_acusaci__n2
República Dominicana,Odebrecht,Carretera San Pedro de Macorís - La Romana,2012,2012,Sin información,,Leonel Fernández,82190785,82190785,0,,0,,NO,Sin información,"Portal Acento, Congreso de la República",Ministerio Público (30/05/2017),NO,NO,1,,,SÍ,Investigado a pedido del Ministerio Público,Gobierno central,,https://issuu.com/acento6/docs/solicitud_de_acusaci__n2
República Dominicana,Odebrecht,Circunvalación La Romana,26/11/2012,2012,Sin información,,Danilo Medina,76000000,76000000,176650569,176650569,100650569,100650569,SÍ,Sin información,"Portal Acento, Congreso de la República",Ministerio Público (30/05/2017),NO,NO,1,1,,SÍ,Investigado a pedido del Ministerio Público,Gobierno central,,https://issuu.com/acento6/docs/solicitud_de_acusaci__n2
República Dominicana,Odebrecht,Boulevard Turístico del Este,30/04/2012,2012,Sin información,,Leonel Fernández,0,0,109943671,109943671,0,,NO,Sin información,"Portal Acento, Congreso de la República",Ministerio Público (30/05/2017),NO,NO,1,1,,SÍ,Investigado a pedido del Ministerio Público,Gobierno central,,https://issuu.com/acento6/docs/solicitud_de_acusaci__n2
República Dominicana,Odebrecht,Corredor Duarte II,16/03/2011,2011,Sin información,,Leonel Fernández,255000000,255000000,0,,0,,NO,Sin información,"Portal Acento, Congreso de la República",Ministerio Público (30/05/2017),NO,NO,1,,,SÍ,Investigado a pedido del Ministerio Público,Gobierno central,,https://issuu.com/acento6/docs/solicitud_de_acusaci__n2
República Dominicana,Odebrecht,Carretera Piedra Blanca - Cruce de Ocoa (Cibao - Sur),25/01/2012,2012,Sin información,,Leonel Fernández,2987558362,2987558362,0,,0,,NO,Sin información,"Portal Acento, Congreso de la República",Ministerio Público (30/05/2017),NO,NO,1,,,SÍ,Investigado a pedido del Ministerio Público,Gobierno central,,https://issuu.com/acento6/docs/solicitud_de_acusaci__n2
Venezuela,Odebrecht,Línea 2 del Metro de Los Teques. 7 estaciones,3/11/2006,2006,No fue público,BNDES,Hugo Chávez,527847704,527847704,Sin información,Sin información,Sin información,,NO,Sin información,Sin información,,NO,NO,1,,,SÍ,Adjudicada sin licitación y sin proyecto previo.,Gobierno central,Bolívar,
